{"loss": [3.0530781745910645, 1.9669462442398071, 1.3930087089538574, 0.9793558716773987, 0.7196820378303528, 0.5181943774223328, 0.36651411652565, 0.2788412272930145, 0.2164672464132309, 0.17471522092819214, 0.13434939086437225, 0.12255292385816574, 0.10288801044225693, 0.07615253329277039, 0.08035571873188019, 0.06716345250606537, 0.03957730531692505, 0.047638844698667526, 0.04965990036725998, 0.042707882821559906, 0.03912399709224701, 0.03745289519429207, 0.030156128108501434, 0.031745545566082, 0.042900171130895615, 0.03394943103194237, 0.0208593662828207, 0.025696730241179466, 0.023710651323199272, 0.01886875182390213, 0.03201534226536751, 0.017274146899580956, 0.025035763159394264, 0.013315300457179546, 0.018905971199274063, 0.013828502967953682, 0.017913876101374626, 0.01705378293991089], "accuracy": [0.14166666567325592, 0.46388888359069824, 0.6527777910232544, 0.7777777910232544, 0.8402777910232544, 0.8930555582046509, 0.925000011920929, 0.9416666626930237, 0.9652777910232544, 0.9666666388511658, 0.9791666865348816, 0.9750000238418579, 0.9819444417953491, 0.9902777671813965, 0.9902777671813965, 0.9902777671813965, 0.9958333373069763, 0.9888888597488403, 0.987500011920929, 0.9944444298744202, 0.9930555820465088, 0.9958333373069763, 0.9944444298744202, 0.9888888597488403, 0.9916666746139526, 0.9902777671813965, 0.9972222447395325, 0.9944444298744202, 0.9986110925674438, 0.9986110925674438, 0.9944444298744202, 0.9986110925674438, 0.9958333373069763, 0.9972222447395325, 0.9944444298744202, 0.9986110925674438, 0.9958333373069763, 0.9986110925674438], "val_loss": [3.07034969329834, 3.0422635078430176, 3.0068655014038086, 2.9715914726257324, 2.9356236457824707, 2.8819334506988525, 2.798743963241577, 2.70477032661438, 2.5929973125457764, 2.437836170196533, 2.3143186569213867, 2.142970561981201, 1.958956241607666, 1.7325586080551147, 1.4958717823028564, 1.3086581230163574, 1.0901379585266113, 0.9439170956611633, 0.7625967860221863, 0.636049747467041, 0.5517866611480713, 0.5037944316864014, 0.443006306886673, 0.45301923155784607, 0.3913457989692688, 0.3380952477455139, 0.35835883021354675, 0.451719731092453, 0.41158172488212585, 0.3952547311782837, 0.3813452124595642, 0.38101428747177124, 0.3938698172569275, 0.38456401228904724, 0.3672487139701843, 0.3699232041835785, 0.3679540455341339, 0.3813585042953491], "val_accuracy": [0.109375, 0.0390625, 0.0390625, 0.078125, 0.140625, 0.1328125, 0.15625, 0.1640625, 0.1875, 0.3046875, 0.3125, 0.390625, 0.4375, 0.515625, 0.5625, 0.625, 0.6875, 0.75, 0.7890625, 0.8203125, 0.8515625, 0.84375, 0.8671875, 0.8515625, 0.8828125, 0.890625, 0.8828125, 0.875, 0.875, 0.890625, 0.90625, 0.9140625, 0.9140625, 0.9140625, 0.9140625, 0.921875, 0.921875, 0.921875], "lr": [0.0010000000474974513, 0.0010000000474974513, 0.0010000000474974513, 0.0010000000474974513, 0.0010000000474974513, 0.0010000000474974513, 0.0010000000474974513, 0.0010000000474974513, 0.0010000000474974513, 0.0010000000474974513, 0.0010000000474974513, 0.0010000000474974513, 0.0010000000474974513, 0.0010000000474974513, 0.0010000000474974513, 0.0010000000474974513, 0.0010000000474974513, 0.0010000000474974513, 0.0010000000474974513, 0.0010000000474974513, 0.0010000000474974513, 0.0010000000474974513, 0.0010000000474974513, 0.0010000000474974513, 0.0010000000474974513, 0.0010000000474974513, 0.0010000000474974513, 0.0010000000474974513, 0.0010000000474974513, 0.0010000000474974513, 0.0010000000474974513, 0.0005000000237487257, 0.0005000000237487257, 0.0005000000237487257, 0.0005000000237487257, 0.0005000000237487257, 0.0002500000118743628, 0.0002500000118743628]}