{"accuracy": [0.10833333432674408, 0.4472222328186035, 0.6694444417953491, 0.7736111283302307, 0.8416666388511658, 0.8861111402511597, 0.9166666865348816, 0.9527778029441833, 0.9624999761581421, 0.9611111283302307, 0.9777777791023254, 0.9791666865348816, 0.9763888716697693, 0.9930555820465088, 0.9847221970558167, 0.9777777791023254, 0.9888888597488403, 0.9916666746139526, 0.9847221970558167, 0.9916666746139526, 0.9916666746139526, 0.9958333373069763, 0.9958333373069763, 0.9944444298744202, 0.9944444298744202, 0.9916666746139526, 0.9958333373069763, 0.9958333373069763, 0.9930555820465088, 0.9930555820465088, 0.9972222447395325, 1.0, 0.9986110925674438, 0.9972222447395325, 0.9958333373069763, 0.9986110925674438, 0.9972222447395325, 0.9958333373069763, 0.9972222447395325, 1.0, 1.0, 0.9972222447395325], "loss": [3.1325714588165283, 2.051300048828125, 1.3645637035369873, 0.9688025712966919, 0.6735904216766357, 0.5039898157119751, 0.37151333689689636, 0.2707403302192688, 0.19648079574108124, 0.18450233340263367, 0.13805800676345825, 0.10961001366376877, 0.10630325973033905, 0.07128455489873886, 0.08096162974834442, 0.08024588972330093, 0.05716150626540184, 0.0585605688393116, 0.05615578219294548, 0.04164595156908035, 0.04123710095882416, 0.03984174132347107, 0.027409560978412628, 0.03512156382203102, 0.03510373458266258, 0.03963996469974518, 0.020944032818078995, 0.02425428479909897, 0.03007432445883751, 0.02343747578561306, 0.017770610749721527, 0.013336213305592537, 0.010993702337145805, 0.019812026992440224, 0.019044434651732445, 0.01837823912501335, 0.018143847584724426, 0.017929643392562866, 0.022202899679541588, 0.009756297804415226, 0.009520881809294224, 0.012001012451946735], "val_accuracy": [0.0546875, 0.0546875, 0.0546875, 0.078125, 0.1015625, 0.15625, 0.1875, 0.203125, 0.21875, 0.25, 0.2890625, 0.3125, 0.3828125, 0.5234375, 0.5859375, 0.65625, 0.7109375, 0.7421875, 0.75, 0.78125, 0.8046875, 0.8203125, 0.8359375, 0.859375, 0.8828125, 0.890625, 0.890625, 0.8828125, 0.8828125, 0.8828125, 0.8828125, 0.875, 0.8828125, 0.890625, 0.890625, 0.8984375, 0.890625, 0.875, 0.875, 0.875, 0.875, 0.875], "val_loss": [3.0686564445495605, 3.027252197265625, 2.988135814666748, 2.9446489810943604, 2.8857572078704834, 2.8344554901123047, 2.801480770111084, 2.7238283157348633, 2.616619348526001, 2.4906089305877686, 2.3387904167175293, 2.2051029205322266, 2.002614974975586, 1.7097437381744385, 1.550575613975525, 1.322494387626648, 1.1262092590332031, 0.9282996654510498, 0.7735494375228882, 0.6896821856498718, 0.6405983567237854, 0.5620752573013306, 0.4743049740791321, 0.4646429419517517, 0.42367565631866455, 0.41895151138305664, 0.41752511262893677, 0.42691493034362793, 0.44656020402908325, 0.45945602655410767, 0.43970930576324463, 0.45280444622039795, 0.4523617923259735, 0.46205535531044006, 0.46918821334838867, 0.4690421223640442, 0.4788198173046112, 0.4998658299446106, 0.5099897384643555, 0.5169404745101929, 0.520399272441864, 0.5140843987464905], "learning_rate": [0.0010000000474974513, 0.0010000000474974513, 0.0010000000474974513, 0.0010000000474974513, 0.0010000000474974513, 0.0010000000474974513, 0.0010000000474974513, 0.0010000000474974513, 0.0010000000474974513, 0.0010000000474974513, 0.0010000000474974513, 0.0010000000474974513, 0.0010000000474974513, 0.0010000000474974513, 0.0010000000474974513, 0.0010000000474974513, 0.0010000000474974513, 0.0010000000474974513, 0.0010000000474974513, 0.0010000000474974513, 0.0010000000474974513, 0.0010000000474974513, 0.0010000000474974513, 0.0010000000474974513, 0.0010000000474974513, 0.0010000000474974513, 0.0010000000474974513, 0.0010000000474974513, 0.0010000000474974513, 0.0010000000474974513, 0.0010000000474974513, 0.0010000000474974513, 0.0010000000474974513, 0.0005000000237487257, 0.0005000000237487257, 0.0005000000237487257, 0.0005000000237487257, 0.0005000000237487257, 0.0005000000237487257, 0.0002500000118743628, 0.0002500000118743628, 0.0002500000118743628]}